{"cameraMode":{"drawMode":0,"name":"Shaded","section":"Shading Mode"},"sceneLighting":true,"audioPlay":false,"sceneViewState":{"m_AlwaysRefresh":false,"showFog":true,"showSkybox":true,"showFlares":true,"showImageEffects":true,"showParticleSystems":true,"showVisualEffectGraphs":true,"m_FxEnabled":true},"in2DMode":false,"pivot":{"x":-255.89804077148438,"y":1.585031270980835,"z":1045.3529052734375},"rotation":{"x":0.22361984848976136,"y":0.10469396412372589,"z":-0.024444246664643289,"w":0.9691033959388733},"size":2.572746515274048,"orthographic":false}