{"cameraMode":{"drawMode":0,"name":"Shaded","section":"Shading Mode"},"sceneLighting":true,"audioPlay":false,"sceneViewState":{"m_AlwaysRefresh":false,"showFog":true,"showSkybox":true,"showFlares":true,"showImageEffects":true,"showParticleSystems":true,"showVisualEffectGraphs":true,"m_FxEnabled":true},"in2DMode":false,"pivot":{"x":-331.7713623046875,"y":24.070037841796876,"z":1843.2945556640625},"rotation":{"x":0.08426238596439362,"y":0.21387691795825959,"z":0.018699275329709054,"w":-0.9733870625495911},"size":6.791541576385498,"orthographic":false}