{"cameraMode":{"drawMode":0,"name":"Shaded","section":"Shading Mode"},"sceneLighting":true,"audioPlay":false,"sceneViewState":{"m_AlwaysRefresh":false,"showFog":true,"showSkybox":true,"showFlares":true,"showImageEffects":true,"showParticleSystems":true,"showVisualEffectGraphs":true,"m_FxEnabled":true},"in2DMode":false,"pivot":{"x":-253.26373291015626,"y":0.9154622554779053,"z":1047.854736328125},"rotation":{"x":0.2042931467294693,"y":-0.06489136070013046,"z":0.013075659982860089,"w":0.9769545197486877},"size":0.19973184168338777,"orthographic":false}