{"cameraMode":{"drawMode":0,"name":"Shaded","section":"Shading Mode"},"sceneLighting":true,"audioPlay":false,"sceneViewState":{"m_AlwaysRefresh":false,"showFog":true,"showSkybox":true,"showFlares":true,"showImageEffects":true,"showParticleSystems":true,"showVisualEffectGraphs":true,"m_FxEnabled":true},"in2DMode":false,"pivot":{"x":-253.1800079345703,"y":10.760397911071778,"z":1051.405517578125},"rotation":{"x":0.19086109101772309,"y":-0.08033131062984467,"z":0.015218732878565789,"w":0.9784468412399292},"size":115.0988998413086,"orthographic":false}