{"cameraMode":{"drawMode":0,"name":"Shaded","section":"Shading Mode"},"sceneLighting":true,"audioPlay":false,"sceneViewState":{"m_AlwaysRefresh":false,"showFog":true,"showSkybox":true,"showFlares":true,"showImageEffects":true,"showParticleSystems":true,"showVisualEffectGraphs":true,"m_FxEnabled":true},"in2DMode":false,"pivot":{"x":-235.67713928222657,"y":69.66444396972656,"z":9.875809669494629},"rotation":{"x":0.3309313654899597,"y":-0.0359756201505661,"z":0.012528914958238602,"w":0.9429821372032166},"size":1.8206746578216553,"orthographic":false}