{"cameraMode":{"drawMode":0,"name":"Shaded","section":"Shading Mode"},"sceneLighting":true,"audioPlay":false,"sceneViewState":{"m_AlwaysRefresh":false,"showFog":true,"showSkybox":true,"showFlares":true,"showImageEffects":true,"showParticleSystems":true,"showVisualEffectGraphs":true,"m_FxEnabled":true},"in2DMode":false,"pivot":{"x":381.2691650390625,"y":2.5404000282287599,"z":112.19000244140625},"rotation":{"x":0.027549324557185174,"y":-0.9695391654968262,"z":0.2066521942615509,"w":0.12901833653450013},"size":1.5860936641693116,"orthographic":false}