{"cameraMode":{"drawMode":0,"name":"Shaded","section":"Shading Mode"},"sceneLighting":true,"audioPlay":false,"sceneViewState":{"m_AlwaysRefresh":false,"showFog":true,"showSkybox":true,"showFlares":true,"showImageEffects":true,"showParticleSystems":true,"showVisualEffectGraphs":true,"m_FxEnabled":true},"in2DMode":false,"pivot":{"x":-253.64523315429688,"y":2.0466694831848146,"z":1047.862548828125},"rotation":{"x":0.010682743042707444,"y":0.10982126742601395,"z":0.0015940953744575382,"w":-0.9941897988319397},"size":0.20634576678276063,"orthographic":false}