{"cameraMode":{"drawMode":0,"name":"Shaded","section":"Shading Mode"},"sceneLighting":true,"audioPlay":false,"sceneViewState":{"m_AlwaysRefresh":false,"showFog":true,"showSkybox":true,"showFlares":true,"showImageEffects":true,"showParticleSystems":true,"showVisualEffectGraphs":true,"m_FxEnabled":true},"in2DMode":false,"pivot":{"x":-253.26353454589845,"y":1.7789195775985718,"z":1047.88330078125},"rotation":{"x":0.24709483981132508,"y":-0.0003336945956107229,"z":-0.0004024778900202364,"w":0.9692783355712891},"size":0.12758609652519227,"orthographic":false}