{"cameraMode":{"drawMode":0,"name":"Shaded","section":"Shading Mode"},"sceneLighting":true,"audioPlay":false,"sceneViewState":{"m_AlwaysRefresh":false,"showFog":true,"showSkybox":true,"showFlares":true,"showImageEffects":true,"showParticleSystems":true,"showVisualEffectGraphs":true,"m_FxEnabled":true},"in2DMode":false,"pivot":{"x":-159.22084045410157,"y":0.9439471960067749,"z":1035.10400390625},"rotation":{"x":0.3058779835700989,"y":-0.1487208753824234,"z":0.047829434275627139,"w":0.9393532872200012},"size":1.5707321166992188,"orthographic":false}