{"cameraMode":{"drawMode":0,"name":"Shaded","section":"Shading Mode"},"sceneLighting":true,"audioPlay":false,"sceneViewState":{"m_AlwaysRefresh":false,"showFog":true,"showSkybox":true,"showFlares":true,"showImageEffects":true,"showParticleSystems":true,"showVisualEffectGraphs":true,"m_FxEnabled":true},"in2DMode":false,"pivot":{"x":-152.87823486328126,"y":0.352387398481369,"z":1045.378173828125},"rotation":{"x":0.06970379501581192,"y":0.16594858467578889,"z":-0.012197592295706272,"w":0.9837632775306702},"size":8.289501190185547,"orthographic":false}