{"cameraMode":{"drawMode":0,"name":"Shaded","section":"Shading Mode"},"sceneLighting":true,"audioPlay":false,"sceneViewState":{"m_AlwaysRefresh":false,"showFog":true,"showSkybox":true,"showFlares":true,"showImageEffects":true,"showParticleSystems":true,"showVisualEffectGraphs":true,"m_FxEnabled":true},"in2DMode":false,"pivot":{"x":-277.10931396484377,"y":-29.230945587158204,"z":1593.632080078125},"rotation":{"x":0.47536569833755495,"y":0.01589423231780529,"z":-0.009124856442213059,"w":0.8799543976783752},"size":52.302433013916019,"orthographic":false}