{"cameraMode":{"drawMode":0,"name":"Shaded","section":"Shading Mode"},"sceneLighting":true,"audioPlay":false,"sceneViewState":{"m_AlwaysRefresh":false,"showFog":true,"showSkybox":true,"showFlares":true,"showImageEffects":true,"showParticleSystems":true,"showVisualEffectGraphs":true,"m_FxEnabled":true},"in2DMode":false,"pivot":{"x":381.7650146484375,"y":1.0497312545776368,"z":110.86224365234375},"rotation":{"x":0.30183762311935427,"y":-0.4450267553329468,"z":0.16235102713108064,"w":0.8273762464523315},"size":0.9565630555152893,"orthographic":false}