{"cameraMode":{"drawMode":0,"name":"Shaded","section":"Shading Mode"},"sceneLighting":true,"audioPlay":false,"sceneViewState":{"m_AlwaysRefresh":false,"showFog":true,"showSkybox":true,"showFlares":true,"showImageEffects":true,"showParticleSystems":true,"showVisualEffectGraphs":true,"m_FxEnabled":true},"in2DMode":false,"pivot":{"x":-253.2100067138672,"y":1.059999942779541,"z":1047.4200439453125},"rotation":{"x":0.15666857361793519,"y":0.2040480673313141,"z":-0.03333855792880058,"w":0.9661446213722229},"size":2.8560445308685304,"orthographic":false}